dialect,standard,response,BLEU_score,ori_sim,new_sim,relative_sim,dialect_correction,standard_preserve
육십 삼이 나온 거라,육십 삼이 나온 거야,육십 삼살이 되었다.,0.052,0.986,0.879,0.891,0.0,0.333
개팔자가 상팔자 라는 말이 있져 야이가 제일 편햄쪄 지금,개팔자가 상팔자 라는 말이 있잖아 얘가 제일 편하지 지금,"개팔자가 상팔자라는 말이 있다는 건 내용이 같지만, 표현이 조금 다르다. 지금은 표준어를 사용하는 경우가 많기 때문에, 상황에 맞게 사용하는 것이 좋다.",0.015,0.875,0.626,0.715,0.0,0.37
근데 새로운거 이모 하고 엄마가예 이제까지 한번도 못 먹어 본 맛좋은 진미를 나가 맛 좋게 먹을 수 있는 데를 딱 해 가지고,근데 새로운거 이모 하고 엄마가요 이제까지 한번도 못 먹어 본 맛좋은 진미를 내가 맛 좋게 먹을 수 있는 데를 딱 해 가지고,"그러니까, 새로운 것이에요. 이모와 엄마가 지금까지 한번도 먹어보지 못한 맛좋은 진미를 먹을 수 있는 곳을 찾아서 가보려고요.",0.072,0.984,0.912,0.927,0.0,0.541
어 이모는 과자 먹지예 그거 과자도 예 한두 개만 집어먹어 그거 한 봉지를 그냥 홀라당 다 먹으니까 아프지,어 이모는 과자 먹죠 그거 과자도 예 한두 개만 집어먹어 그거 한 봉지를 그냥 홀라당 다 먹으니까 아프지,저 이모는 과자를 먹어요. 그런데 과자도 한두 개만 먹어야죠. 한 봉지를 한꺼번에 다 먹으면 아플 거예요.,0.052,0.997,0.925,0.928,0.0,0.606
근데 이제 뭔가 먹으믄 예 빨리 저장해야겠다 너 더 먹어라 더 먹어라 막 하거든,근데 이제 뭔가 먹으면 예 빨리 저장해야겠다 너 더 먹어라 더 먹어라 막 하거든,하지만 이제 뭔가 먹으면 바로 저장해야겠다. 너도 더 먹어야 해. 너무 많이 먹어도 그렇지 말고.,0.09,0.996,0.889,0.893,1.0,0.429
무사  안치완?,왜 안치웠대?,무사 안치완?,0,0.342,0.342,1.0,0.0,2.0
그래 엄마 이모가 못하면 우리 엄마 같은 사람한테 골아부러 그런거 잘해,그래 엄마 이모가 못하면 우리 엄마 같은 사람한테 말해버려 그런거 잘해,"네, 엄마. 이모가 못하면 저희 엄마 같은 분께 부탁해서 그런 일을 잘해야겠어요.",0.068,0.818,0.804,0.983,0.0,0.545
야 와가지고 너무 한 것 아니냐 또 따지맨 예 야 잘못한 거를 예 그것도 안 하고 예,야 와가지고 너무 한 것 아니냐 또 따지네요 예 야 잘못한 거를 예 그것도 안 하고 예,너 지금 너무 과격하게 행동한 거 아니야? 그리고 싸우면서도 다른 사람이 잘못 한 거도 지적하지 마.,0.018,0.985,0.608,0.617,0.0,0.25
전화해가지고 나 안골안? 전화와가지고 다 나가라고,전화해가지고 내가 말 안했니? 전화와가지고 다 나가라고,전화해도 안나와서 걱정됐어. 전화와서 다 나가라고 해줘.,0.082,0.733,0.811,1.106,0.333,0.8
아니우다.,아닙니다.,아니요.,0,0.942,0.929,0.986,0.0,0.0
알암수과몰람수과?,알겠습니까모르겠습니까?,알아요? 몰라요?,0,0.385,0.567,1.473,0.0,1.0
봄만 좋아햄수다겅 해야지,봄만 좋아합니다그렇게 해야지,봄만 좋아합니다. 그렇게 말해야죠.,0.061,0.875,0.854,0.976,1.0,0.5
그냥 좋수다.,그냥 좋아요.,그냥 좋아요.,0.221,0.873,1.0,1.145,1.0,0.667
내가 말했잖수.,내가 말했잖아.,내가 말했잖아요.,0.068,0.968,0.99,1.023,0.0,0.667
엄마 저번에 그거 건드련? 이렇게 하는게 사투리지 건드렸잖아는 서울말이지.,엄마 저번에 그거 건드렸어? 이렇게 하는게 사투리지 건드렸잖아는 서울말이지.,"어머니, 지난번에 그것을 만졌나요? 이렇게 말하는 것이 사투리를 건드는 것이죠. 서울말은 아니에요.",0.02,0.987,0.77,0.78,0.0,0.1
맛인.,맛있어.,맛있다.,0,0.649,0.963,1.484,0.0,0.0
아까 말 했잖수.,아까 말 했잖아.,방금 말했잖아요.,0,0.938,0.935,0.997,0.0,0.5
이렇게 반 반씩 이렇게 하는거.,이렇게 반 반씩 이렇게 하는거야.,이렇게 반씩 절반으로 하는 것입니다.,0.054,0.992,0.853,0.86,0.0,0.889
너 머리 너 머리에 젖은거 같은데 너 머리에 젖언 만져봐 머리,너 머리 너 머리에 젖은거 같은데 너 머리에 젖었어 만져봐 머리,"당신 머리에 뭔가 젖은 것 같은데, 손으로 만져봐요.",0.02,0.995,0.917,0.922,0.0,0.667
아니 없수다.,아니 없습니다.,"아니요, 없습니다.",0.068,0.779,0.935,1.2,1.0,0.667
이거 인터넷에서 샀지. 이거 메이커일꺼라 것도,이거 인터넷에서 샀지. 이거 메이커일꺼야 그것도,이건 인터넷으로 샀어요. 이건 제조사 제품이라고 하네요.,0,0.989,0.903,0.913,0.0,0.0
혹시 제 제주도와 관련된 영화를 본 적이 이서?,혹시 제 제주도와 관련된 영화를 본 적이 있어?,제주도와 관련된 영화를 본 적이 있나요?,0.544,0.985,0.982,0.997,0.0,0.923
지금 한 삼 이십오분 남았져게.,지금 한 삼 이십오분 남았어.,지금 한 삼이십오분 남았습니다.,0.131,0.99,0.966,0.976,0.0,1.0
내놓을수 이서. 우리가 막 하영 노력한게 너무 많이 들어가부난,내놓을수 있어. 우리가 막 많이 노력한게 너무 많이 들어가서,내놓을 수 있어. 우리가 막 얼마나 열심히 노력한지 정말 많이 들어갔어.,0.125,0.871,0.93,1.068,0.333,0.333
아니 엄마꺼 뜬거.,아니 엄마꺼 뜬거야.,"아니요, 엄마가 삶은 것입니다.",0,0.98,0.681,0.695,0.0,0.333
겁나 발발거리는 거.,겁나 발발거리는 거야.,너무 불안한 것 같아요.,0,0.98,0.766,0.782,0.0,0.0
못 키우쿠과?,못 키우겠습니까?,뭐라고 하는 거죠? 이해가 안 가네요.,0,0.674,0.138,0.205,0.0,0.0
말해서.,말했어.,말씀해주세요.,0,0.728,0.636,0.874,0.0,0.0
그게 아니고 무좀 무좀이랜 하는디 어제 발톱이 떼져부렀거든?,그게 아니고 무좀 무좀이라고 하는데 어제 발톱이 떼져버렸거든?,"그게 아니라 무찌름이라는데, 어제 발톱이 떨어졌어요.",0.077,0.982,0.783,0.797,0.0,0.545
소중한 거라고 생각하는구나 엄마의 소중함도 알암신가?,소중한 거라고 생각하는구나 엄마의 소중함도 알려나?,소중한 것이라고 생각하는군요. 엄마의 소중함도 알고 있나요?,0.091,0.88,0.973,1.106,0.0,0.5
아 겅하니까이 예초 할땐 조심해야 돼,아 그러니까 예초 할땐 조심해야 돼,"아 겁하니까, 예초를 할 때는 조심해야 해요.",0.038,0.981,0.848,0.864,0.0,0.5
영하다,이렇게하다,-10도 이하이다.,0,0.109,0.203,1.862,0.0,0.0
게메이,그러니까,게임이 (Game-i),0,0.288,0.256,0.889,0.0,0.0
근데 외국에는 원래부터 평평하게 해놘,근데 외국에는 원래부터 평평하게 해놨어,하지만 외국에서는 원래부터 평평하게 만들어져 있습니다.,0.097,0.961,0.972,1.011,0.0,0.4
하면서 막 경하니까 어떻게 먹고 살 거냐고 해가면서 막,하면서 막 그렇게하니까 어떻게 먹고 살 거냐고 해가면서 막,하면서 멋대로 얕보면서 어떻게 살아낼 거냐고 말하면서 막.,0.033,0.903,0.604,0.669,0.0,0.706
명질에 다 같이 모여그네 이렇게,명절에 다 같이 모여서 이렇게,모두 명지에 모여봅시다.,0,0.582,0.479,0.823,0.0,0.333
그게 별로 그렇게 아들딸 구별 별로 어서났거든 우리는,그게 별로 그렇게 아들딸 구별 별로 없었거든 우리는,그것은 별로 구별이 어렵지 않다는 것이죠. 지금은 그 시대가 뒤로 묻혀 갔으니까요.,0.02,0.805,0.402,0.499,0.0,0.316
어서?,없어?,어서 뭐야?,0,0.467,0.402,0.861,0.0,0.0
잘 저기 뭐 했을거우다게,잘 저기 뭐 했을꺼에요,"잘 가요, 거기서 뭐 했을까요?",0.054,0.962,0.672,0.699,0.0,0.5
멍석깔아놓고 넉둥베기 할때 그렇게 작 작은거해,멍석깔아놓고 윷놀이 할때 그렇게 작 작은거해,돌을 쌓아놓고 높이 뛰어내리기 할 때 그렇게 작 작은 걸 해.,0.052,0.927,0.643,0.694,0.0,0.25
그래 그런것들이 추억이주,그래 그런것들이 추억이지,"그래, 그런 것들이 추억이지.",0,0.962,0.992,1.031,1.0,0.286
어어 겅 하면서 장구 치고,어어 그렇게 하면서 장구 치고,어 이렇게 하면서 장구를 치고 있습니다.,0.045,0.924,0.952,1.03,0.0,0.6
요 중간에는 지금의 코로나땜에 좀 공기가 맑아져그네,요 중간에는 지금의 코로나땜에 좀 공기가 맑아져서,이 중간에는 현재의 코로나 때문에 공기가 조금 맑아졌네.,0.034,0.988,0.973,0.985,0.0,0.286
옛날 생각나기는 햄수다,옛날 생각나기는 해요,옛날 생각해보면 그런군요.,0.072,0.62,0.872,1.406,0.0,0.4
이번년도가 진짜 잘도 빨리 끝난,이번년도가 진짜 잘도 빨리 끝났어,올해 정말 빠르게 지나갔네요.,0,0.981,0.758,0.773,0.0,0.0
교감이 어서지는거 같애,교감이 없어지는거 같애,교감이 어색해 보이네요.,0.072,0.686,0.761,1.109,0.0,0.333
옛날 닮지 안해여,옛날 같지 않아,옛날 닮지 않아요.,0.072,0.764,0.906,1.186,0.5,0.8
뭐 예기하고 그냥 가불고 하니까 애들한테는 전혀 없잖아?,뭐 예기하고 그냥 가버리고 하니까 애들한테는 전혀 없잖아?,무언가 설명해주지 않고 그냥 간단히 이야기하니까 아이들에게는 전혀 이해가 안 되겠죠.,0.026,0.858,0.498,0.58,0.0,0.333
솔직히 음식 만들멍 얘기 하멍 뭐 거기에서 또 교류가 형성되고 더,솔직히 음식 만들면서 얘기 하면서 뭐 거기에서 또 교류가 형성되고 더,"솔직히 음식 만드는 것에 대해 얘기하면, 거기에서 또 교류가 형성되고 더 좋은 결과물을 만들 수 있을 것 같아요.",0.231,0.974,0.89,0.914,0.0,0.593
너무 웃겨그네,너무 웃겨서,너무 웃기다.,0.068,0.933,0.919,0.985,0.0,0.667
맞아 겅해 나도 겅해 나도 나도,맞아 그래 나도 그래 나도 나도,그래 맞아 고마워 나도 고마워 나도,0.053,0.925,0.596,0.644,1.0,0.8
밭으로 이제 저 이전 동안을 해부난 이제 미깡은 이제 가 밭으로 안 가부난에,밭으로 이제 저 이전 동안을 하니까 이제 귤은 이제 가 밭으로 안 가서,지금 밭을 가야 해요. 지난 동안 바빴으니 이젠 가야죠.,0,0.665,0.49,0.737,0.0,0.211
어 허지 경허난에,어 하지 그러니까,"어, 어디에 가셨나요?",0,0.29,0.225,0.776,0.0,0.5
특히 사업하는 사람인디,특히 사업하는 사람인데,특히 사업을 하는 사람들이죠.,0.061,0.983,0.842,0.857,0.0,0.333
경허난 저 우리 아방신디,그러니까 저 우리 아빠한테,경허나 우리 아버지세요.,0.052,0.379,0.846,2.232,0.0,0.4
우리 아방 뭔 줄 알아? 한 다섯 개면 모르주만,우리 아빠 뭔 줄 알아? 한 다섯 개면 모르지만,우리 아버지 무슨 말씀이신지 알아요? 다섯 가지면 몰라도요.,0.03,0.709,0.878,1.238,0.0,0.267
주소만 골랜합써 허는 거라 게난 나가,주소만 말하라고해요 하는 거야 그니까 내가,주소만 골라서 해주시면 나갈게요.,0.037,0.729,0.75,1.029,0.0,0.4
조생 딸 때 겐디 그 만생인 미깡을,조생 딸 때 근데 그 만생인 귤을,조상의 딸을 낳을 때 견디던 만생인 미깡을,0.038,0.484,0.457,0.944,0.0,0.667
팔 팔 사람이주게,팔 팔 사람이거든,여덟 명이 찾아와주세요.,0,0.925,0.203,0.219,0.0,0.0
지금은 이제 그 저 지네가 가꿀때는,지금은 이제 그 저 자기네가 가꿀때는,지금은 그저 지네가 가는 시점일 뿐입니다.,0.038,0.918,0.75,0.817,0.0,0.727
이제 처음엔 안 가켄을 하당,이제 처음엔 안 가겠다고를 하다가,이제 처음에는 안 가겠습니다.,0.057,0.5,0.908,1.816,0.0,0.571
옆집 사람이 골아신디사 이제 걸 나신디,옆집 사람이 말했는지 이제 걸 나한테,옆집 사람이 골아신다고 하더니 이제 걸어나신다고 합니다.,0.091,0.59,0.463,0.785,0.0,0.727
아 기믄 걱정 어신디 경해도양 낭푼이는 가져가사합니다,아 그러면 걱정 없는데 그래도요 낭푼이는 가져가야합니다,아까 말씀하신 걱정은 어떻습니까? 경해도 양 낭푼이는 가져가겠습니다.,0.029,0.7,0.63,0.9,0.0,0.545
박스 열다섯 개 어떵 헐 거?,박스 열다섯 개 어떻게 할 거야?,박스 열다섯 개를 어떻게 해야 할까요?,0.108,0.861,0.955,1.109,0.667,0.6
아차 아차 저걸 갔다 그디 지하에 담아야겠다 생각해가지고,아차 아차 저걸 갔다 거기 지하에 담아야겠다 생각해가지고,"아차 아차, 그걸 가져가서 지하에 담아야겠다 생각하고 있었어.",0.079,0.98,0.946,0.965,0.0,0.533
것도 미리 골앙 놔둬야지 거 미리 무슨,것도 미리 말해 놔둬야지 거 미리 무슨,"것도 미리 준비해 놓아야지, 그게 무슨 일인가.",0.091,0.728,0.782,1.074,0.0,0.615
그러믄 나가 미깡 저 박스를 가져가켜 하니까는,그러면 내가 귤 저 박스를 가져갈게 하니까는,그래서 나가서 저 박스를 가져와 주세요.,0.082,0.679,0.65,0.957,0.0,0.667
어 막 그 인심도 좋다예 막,어 막 그 인심도 좋네요 막,어떻게든 그 사람도 좋은 사람 같아요.,0.038,0.983,0.505,0.514,0.0,0.364
시어멍이더라고 막게 모섭고예,시엄마더라고 막 무섭고요,시어머니라고 불리우며 매우 존경스럽고 예의 바르다.,0,0.606,0.342,0.564,0.0,0.0
그리고 그 집에서 나오는디 그 동네 사람이 무사 그 방안에서 나옵니까?그 방에서 나오멍,그리고 그 집에서 나오는데 그 동네 사람이 왜 그 방안에서 나옵니까?그 방에서 나오면서,그리고 그 집에 사는 사람들은 모두 건강하게 그 방에서 나오시나요? 그 방에서 나오는 건가요?,0.052,0.883,0.778,0.881,0.0,0.417
아이 그거 시어멍 아니,아이 그거 시엄마 아니,저거 시어머니 아니에요.,0,0.722,0.728,1.008,0.0,0.333
나가 이 나가 니 집에 들어보믄 알지마는 나 한 번 들어보잰 그거 하더라고,내가 이 내가 니 집에 들어보면 알지마는 나 한 번 들어보려고 그거 하더라고,외곽 지역에서 사용되는 방언입니다. 번역할 수 없습니다.,0,0.82,0.131,0.16,0.0,0.25
경행 허는 거랜 돈도 안 남는댄 니까,그렇게해서 하는 거래 돈도 안 남는대 니까,한때는 흥행하더라도 돈도 안 남기 때문에 경영상 좋지 않은 것이다.,0.057,0.685,0.672,0.981,0.0,0.308
게난 그 상점이 게난 두 개라,그니까 그 상점이 그니까 두 개야,그 가게는 두 개 있네요.,0.044,0.589,0.876,1.487,0.0,0.5
가믄 막 간섭하네,가면 막 간섭하잖아,너무 간섭하지 마세요.,0,0.556,0.222,0.399,0.0,0.0
어른이라부난 가랜도 못 허고 왕으내예,어른이라서 가라고도 못 하고 와서요,어른이라고 해도 결정을 내리지 못하는 것은 왕도내여.,0,0.562,0.571,1.016,0.0,0.25
모닝 글로리가 아니고 모닝 뭐라 근디 거기서예 뭐 먹는 것도 팔고,모닝 글로리가 아니고 모닝 뭐야 근데 거기서요 뭐 먹는 것도 팔고,"모닝 글로리가 아니라 모닝 어쩌구인데, 거기서 무엇을 먹는 것도 판매한다.",0.077,0.976,0.941,0.964,0.0,0.556
마음씨가 너무 좋앙으내 문제 마음씨가 너무 좋앙으내 문제야 지금,마음씨가 너무 좋아서 문제 마음씨가 너무 좋아서 문제야 지금,마음이 너무 좋아서 문제가 되고 있어요.,0.059,0.949,0.744,0.784,1.0,0.462
근디 이제 이모는 칠십 응 오 세 이상이라부난 아 해야되난 안 되부난,근데 이제 이모는 칠십 응 오 세 이상이라서 아 해야되니까 안 되니까,"하지만 지금 이모님은 75세 이상이어서, 해야만 하는 일은 안 하셔도 됩니다.",0.02,0.924,0.695,0.752,0.0,0.211
처음엔 허기 싫엉 강 허난,처음엔 하기 싫어서 가서 하니까,처음에는 배고팠는데 강에서 끓인 물을 마셨어요.,0,0.445,0.163,0.366,0.0,0.286
그 사람 오십 년을 해 가지고예,그 사람 오십 년을 해 가지고요,그 분은 오십 년 동안 살아오셨습니다.,0.045,0.988,0.951,0.963,0.0,0.364
방언 이거 데이터 하는 거 나가 정보를 가져오니까,방언 이거 데이터 하는 거 내가 정보를 가져오니까,"방언은 지역마다 사용되는 언어의 변형이며, 데이터를 수집하여 정보를 가져오는 것이 쉽지 않을 수 있습니다.",0.018,0.968,0.673,0.695,0.0,0.286
나가 말하난 아고 야,내가 말하니까 아고 야,"나가서 말하자, 아니야.",0,0.766,0.354,0.462,0.0,0.8
이거 막 잘해져서라 하멍 거난 잘해져서라,이거 엄청 잘해졌더라 하면서 그러니까 잘해졌더라,이것 막 잘되어서인가? 그냥 잘되어서인가?,0,0.697,0.763,1.095,0.0,0.333
이거 잘 잘해졌져 이거 이거 어디 강 돈 주고 받아도 이렇게 세밀하게,이거 잘 잘했어 이거 이거 어디 가서 돈 주고 받아도 이렇게 세밀하게,이건 정말 잘 만들어졌어요. 이 정도 세밀함은 어디서 돈을 주고 받아도 찾아보기 어렵겠네요.,0.049,0.783,0.624,0.797,0.0,0.435
그래 그렇게 깍듯하게 대우받으멍 건강검진 하고 어? 돈도 벌고,그래 그렇게 깍듯하게 대우받으면서 건강검진 하고 어? 돈도 벌고,그래요. 그렇게 명쾌하게 대우받고 건강검진 받으시고 어때요? 돈도 벌면서요.,0.034,0.991,0.86,0.868,0.0,0.471
어떤 내용이라?,어떤 내용인데?,어떤 내용인가요?,0.068,0.984,0.981,0.997,0.0,0.667
저것도 안 끝났는데 이렇게 생각하지 말아불고 그냥 내부러 그냥 냅두면은 다 알아서 잘 흘러가.,저것도 안 끝났는데 이렇게 생각하지 말고 그냥 냅둬 그냥 냅두면은 다 알아서 잘 흘러가.,그것도 끝나지 않은데 그런 생각은 하지 말고 그냥 내버려둬도 모든 것은 자연스럽게 잘 흘러갈 거야.,0.043,0.931,0.869,0.933,0.5,0.222
모르쿠다.,모르겠어.,모르겠다.,0,0.667,0.983,1.474,0.0,0.0
상관어서 하면서 막 이렇게 어서 이렇게 말도 좀 하고 해라 좀,상관없어 하면서 막 이렇게 없어 이렇게 말도 좀 하고 해라 좀,"상대방과 대화를 할 때, 예의를 갖추면서 이렇게 말씀하시고 행동하시는 게 좋습니다.",0.022,0.681,0.588,0.863,0.5,0.211
쓸 거.,쓸 거야.,쓸 것입니다.,0.068,0.968,0.951,0.982,0.0,0.667
이쁜디게,이쁜데,예쁘게,0,0.894,0.768,0.859,0.0,0.0
그날 밤 돌아올 거라 하멍 막 했주게 경합니까? 하멍 경허난 이제,그날 밤 돌아올 거야 하면서 막 했지 그럽니까? 하면서 그러니까 이제,그 날 밤 돌아올 거라고 하더니 막 혼란스러웠어요. 경쟁이 있나요? 이제는 경험이 많아졌죠.,0.049,0.852,0.715,0.839,0.0,0.556
경했댄 하는 거라 게난 자기는 무슨 소방 점검 와신디 그것도 나중에사 핸 알았지,그랬다고 하는 거야 그니까 자기는 무슨 소방 점검 왔는데 그것도 나중에야 해서 알았지,경찰서에서 하는 일이라고 생각했는데 나는 무슨 소방 점검인줄 알았다. 나중에야 알게 되었다.,0.052,0.909,0.81,0.891,0.167,0.421
써 붙이지 않애신가?,써 붙이지 않았나?,써 붙이지 않으시겠습니까?,0.212,0.948,0.853,0.9,0.0,0.8
뭐 고치잰하난 동의서 없으면 그 그 이거 인테리어 업자가 안 맡으켄 하니까,뭐 고치려니 동의서 없으면 그 그 이거 인테리어 업자가 안 맡겠다고 하니까,"뭐 고치잔 하나, 동의서가 없으면 그거 인테리어 업자가 맡기가 어렵다는 거야.",0.056,0.935,0.915,0.979,0.0,0.667
이제 커노니깐 클 때 까지 그 집을 해노난 엉망징창이 된거야,이제 크니깐 클 때 까지 그 집을 하니까 엉망징창이 된거야,이젠 커서니깐 큰 때까지 그 집을 정리해야겠다. 엉망진창이 된 것 같아.,0.052,0.862,0.871,1.01,0.0,0.421
예쁘게 하잰 돈을 많이 들어질건디 그게 아니고,예쁘게 하려고 돈을 많이 들건데 그게 아니고,예쁘게 하기 위해 많은 돈이 들어갈 것 같지만 그렇지 않아요.,0.023,0.918,0.93,1.013,0.0,0.133
낭마룬디 낭마루가 이렇게 세멘트 해 가지고 낭을 익혀야 되는데,나무마룬데 나무마루가 이렇게 세멘트 해 가지고 나무를 익혀야 되는데,낭마루가 이렇게 시멘트를 가져와 낭을 마루로 만들어야 하는데요.,0.025,0.532,0.496,0.932,0.0,0.429
맨날 이신 것도 아니 맨날 이신 것도 아니고 가끔 놀래와 갱으네,맨날 있는 것도 아니 맨날 있는 것도 아니고 가끔 놀러와 그래서,항상 그렇다는 것도 아니고 가끔 놀라거나 충격을 받는다.,0.113,0.659,0.618,0.938,0.0,0.667
