dialect,standard,response
"하나 틀린 거 닮덴 , 한문 . 거 시험 본 거 다 적어 와서라 . 지 아방이 와 일학년이 이런 걸 다 보나 ? 첨 , 벨놈으 세상 다 나왓저 . 게난 그 손지가 허는 말이 하나 틀령 이점 감점 뒛젠 . 구십팔점 나올 거우덴 . 거 어떵사 헌디 요즘 아이덜 막 벨라져 .","하나 틀린 거 같다고 , 한문 . 그거 시험 본 거 다 적어 왔더라 . 자기 아버지가 와 , 일학년이 이런 걸 다 보나 ? 참 , 별놈의 세상 다 나왔다 . 그러니까 그 손자가 하는 말이 하나 틀려서 이점 감점 됐다고 . 구십팔점 나올 거라고 . 그거 어떻게야 하는지 요즘 아이들 막 바라져 .","하나 틀린 거 같던데 , 한문 . 시험 본 거 다 적어 와서야 . 이 아이는 왜 학년이 올라갈수록 이런 걸 다 보는 건지 ? 처음에만 봐도 세상 다 나왔어 . 그 손지가 하는 말이 하나 틀렸다고 점수를 깎았나봐 . 구십팔점이 나왔을텐데 . 그래서 어쩔 수 없이 요즘 아이들도 벨랐나봐 ."
예 . 볼목리에선 ᄎᆞᆯ레가 뭐꽈 ? ᄎᆞᆯ레 .,예 . 보목리에서 ᄎᆞᆯ레가 뭡니까 ? ᄎᆞᆯ레 .,예. 볼목리에서는 천둥이 뭐야 ? 천둥.
잇지 안우꽈 ? 건 것도 계 .,있지 않습니까 ? 건 것도 계 .,있지 않아요? 그러는 건 것도 그렇죠.
"옛날에 차반지 , 큰 차반지덜 헤영 , 그것에 놔근에 질루주게 .","옛날에 채반 , 큰 채반들 해서 , 그것에 노서 기르지 .","옛날에 차반지 , 큰 차반지를 해봤는데, 그걸로 손가락에 꽉 쥐게 됩니다."
"엇어예 . 구월덜 넘어가쿠다 . 백로 상강이 이신게 , 이때는 .","없어요 . 구월 넘어가겠습니다 . 백로 상강이 있네요 , 이때는 .","없어요. 구월달 넘어갔어요 . 백로 상강이 계신데, 이때는요 ."
"아 , 칠성젠 어떵 허여 ?","아 , 칠성젠 어떻게 해 ?","아, 칠성은 어떻게 되나요?"
홍세함 그거는 누가 허느냐 허면 .,함 그거는 누가 하느냐 하면 .,홍세함 그거는 누가 하는 거냐 하면.
그 전이는 ᄎᆞᆫ혹헹 멘들안 .,그 전에는 찰흙으로 만들었어 .,그 전에는 어떻게 했는지 몰라요.
"찢이면은 , 이것이 애기 이제 옷이엔 하면은 이거 영 헤근에 앞판 뒤판 아니 ?","찢으면 , 이것이 아기 이제 옷이라고 하면 이거 이렇게 해서 앞판 뒤판 아니 ?",찢으면 이거가 애기옷이면 이거는 옆구멍이나 앞뒷편이 아닐까요?
"유월절 . 유월절 전의 . 옛날에는 유월절 전의 갈앗수다 . 유월 메칠날 유월 칠 일날 , 유월절 박아논 거 아니라 유월절이 그 유월절 전의 갈앗수다 . ᄒᆞᆫ 삼일 전이라도 ᄒᆞ를 전이라도 유월절 전의 .","유월절 . 유월절 전에 . 옛날에는 유월절 전에 갈았습니다 . 유월 며칟날 , 유월 칠 일날 , 유월절 박아논 거 아니라 유월절이 그 유월절 전에 갈았습니다 . 한 삼일 전이라도 유월절 전에 .","오월절 . 오월절 전의 . 옛날에는 오월절 전의 갔었어요 . 오월 일날 오월 칠 일날 , 오월절 박아둔 거 아니라 오월절이 그 오월절 전의 갔었어요 . 세일 전이라도 만일 전이라도 오월절 전의 ."
"응 , 웨가칩이서 갈아나고 요디 우리 친정은 수망린디 안 갈안 .",응 외갓집에서 갈았었고 요기 우리 친정은 수망린데 안 갈았어 .,"응 , 웨가칩에서 바꿔 먹고 요디 우리 집은 수망막이 안 달려 있어."
"저 수박은 . 수박도 지금으로부터 나는 거 , 지금이 한 오월 경 , ᄉᆞ월 말일에 저거 놓기 시작헌다 . 오월 초로구나 , 오월 초 .","저 수박은 . 수박도 지금으로부터 나는 거 , 지금이 한 오월 경 , 사월 말일에 저거 놓기 시작한다 . 오월 초로구나 오월 초 .","그 수박은 지금부터 나오는 거야 , 지금은 한 5월 경이고 , 5월 말일에 그것을 놓기 시작합니다 . 오월 초인가 , 오월 초쯤이겠죠 ."
하여튼 고네할미는 잘 나 .,하여튼 달개비는 잘 나 .,어쨌든 조부모님은 잘 지내고 있습니다.
게난 어머니는 협재로 가도 물질 이런 거 안 하고 농사만 지엇고예,그러니까 어머니는 협재로 가도 물질 이런 거 안 하고 농사만 지었고요 ?,우리 어머니는 협재로 가도 물건 사는 거 안 하고 농사만 짓고 있어요.
그건 여자 칩이지예 ? 건 .,그건 여자 집이지요 ? 건 .,그건 여자친구인가요 ? 그래요.
ᄂᆞᆷ이 쉐든 ᄂᆞᆷ이 ᄆᆞᆯ이든 막 방목헹 내불민 게 .,남의 쇠든 남의 말이든 막 방목을 해서 내버리면 .,돌이 쉬든 돌이 말이든 막 방목헹 내불지요 .
"아니 , 나는 나는 ᄄᆞᆫ 디 강 살고 , 집 상 강 ᄄᆞᆫ 디 강 살고 .","아니 , 나는 딴 데 가서 살고 집 사서 가서 딴 데 가서 살고 .","아니요 , 저는 저는 바다 살고 , 집 상 바다 살고요."
ᄒᆞᆫ 집이 못 사는 사름 많아 .,한 집에 못 사는 사람 많아 .,집을 못 사는 사람이 많아요.
"우리도 베 서도양 , 우리 아이덜 두건 백 개 사단 , 다 사단 .","우리도 베 있어도요 우리 아이들 두건 백 개 사다가 , 다 사다가 .","우리도 잘 생각해봤는데, 우리 아이들 두건 백 개씩 사야겠어요, 모두 사야겠어요."
경허단에 안 판관도 안뒈고 .,그러다가 안 판관도 안되고 .,그렇게 하면 안 되는데 안 판 관도 안 뒀고.
"경허주게 , 경헌디 그 ᄉᆞ삼사건 후에 저 산 고지 간에 이젠 숫을 묻엇주 . 묻으난 허가 잘 아이 마탓젠 .","그렇지 , 그런데 그 사삼사건 후에 저 산 숲에 가서 이젠 숯을 묻었지 . 묻으니까 허가 잘 안 받았다고 .","경험만큼 , 경험한 그 사건 후에 저 산 고지 가서 이제 숫을 묻었어요 . 묻은 건 제가 잘 모르겠어요 ."
"으 , 다간 날 때 다 사레 온다 . 두 설 뒐 때 사레 오면 거 ᄑᆞᆯ고 . 겨고 주로이 그 밧갈쉐라고 잇저 , 밧갈쉐 .","으 , 두습 될 때 다 사러 온다 . 두 살 될 때 사러 오면 거 팔고 . 그리고 주로 그 밧갈쉐라고 있어 , 밧갈쉐 .","으 , 다 가끔 날 때 다 살래 온다 . 두번 설 때 살래 오면 그냥 팔아버린다 . 그거 주로 그 밭갈쌀이라고 하는데 , 밭갈쌀이야 ."
"아 , ᄆᆞ루 대예 . 가운데 들어가는 건 . 아 그럼 세 개 만드는 건 똑같은 거라예 ? 아까 저기 ?","아 , 마루 대요 . 가운데 들어가는 건 . 아 그럼 세 개 만드는 건 똑같은 거지요 ? 아까 저기 ?","아 , 그럴 대로요 . 가운데 들어가는 건 . 아 그럼 세 개 만드는 건 똑같은 거죠 ? 아까 거기 ?"
"밥 , 식은밥을 헤 가지고 거기 놔 가지고이 이제 누르뜨난 경 뒈엇젠 .","밥 , 찬밥을 해 가지고 거기 놔 가지고 이제 누르니까 그렇게 되었다고 .","밥 , 식은밥을 얹어서 거기 놔두고 이제 저녁먹었나봐요 ."
바당에 정 강 컷다근에 .,바다에 지어서 가서 잠갔다가 .,바다에서 정 놀이 하고 왔어요 .
아 이듸 이듸 자리젓만 헹 먹언 . 자리젓 .,아 여기 여기 자리젓만 해서 먹었어 . 자리젓 .,"아, 이러니까 이러니까 자리 정말 많이 먹는구나. 자리 정리."
"예 , 예 . 맞수다 . 보통 ᄎᆞᆯ레 옛날에 셍각 한 번 헤봅서 . ᄎᆞᆯ레 뭐 , 뭐 ᄎᆞᆯ령 먹엇수과 ? ᄎᆞᆯ레들 .","예 , 예 . 맞습니다 . 보통 반찬 옛날에 생각 한 번 해보십시오 반찬 뭐 , 뭐 차려서 먹었습니까 ? 반찬들 .","예, 예. 맞습니다. 보통 저희들 옛날에 추석 한 번 해보면서. 추석 뭐, 뭐 제사 먹었었지? 제사들."
"무신걸로 멘든 거라 , 그건 ?","무엇으로 만든 거야 , 그건 ?","무슨 걸로 만든 거야 , 그건?"
사혼이엔 허믄 남자도 죽고 여자도 죽고 다헤근엥 헤주 . 구신으로 데 로오는 건데 .,사혼이라고 하면 남자도 죽고 여자도 죽고 다해서 하지 . 귀신으로 데려오는 건데 .,사흘 전에 한 남자도 죽고 여자도 죽고 다 해서 여기에 데려와요 . 구신으로 데리고 가는 건데 .
또 ᄌᆞᆫ 자리 ᄒᆞᆯ 떼는 그보단 약허게 놓고 .,또 조그마한 자리 할 때는 그보다는 약하게 넣고 .,또 진짜 자리를 뺏긴 그보다는 조금 약하게 놓고 .
